N0,Example Recipe0,Sef Manchev,Dessert,10
N1,Example Recipe1,Sef Manchev,Dessert,11
N2,Example Recipe2,Sef Manchev,Dessert,12
N3,Example Recipe3,Sef Manchev,Dessert,13
N4,Example Recipe4,Sef Manchev,Dessert,14
N5,Example Recipe5,Sef Manchev,Dessert,15
N6,Example Recipe6,Sef Manchev,Dessert,16
N7,Example Recipe7,Sef Manchev,Dessert,17
N8,Example Recipe8,Sef Manchev,Dessert,18
N9,Example Recipe9,Sef Manchev,Dessert,19
N10,Example Recipe10,Sef Manchev,Dessert,110
N11,Example Recipe11,Sef Manchev,Dessert,111
N12,Example Recipe12,Sef Manchev,Dessert,112
N13,Example Recipe13,Sef Manchev,Dessert,113
N14,Example Recipe14,Sef Manchev,Dessert,114
N15,Example Recipe15,Sef Manchev,Dessert,115
N16,Example Recipe16,Sef Manchev,Dessert,116
N17,Example Recipe17,Sef Manchev,Dessert,117
N18,Example Recipe18,Sef Manchev,Dessert,118
N19,Example Recipe19,Sef Manchev,Dessert,119
